File Size [B],Time [s]
100000,0.002220010757446289
1000000,0.018515264987945555
10000000,0.26353862285614016
15000000,0.47396135330200195
