File Size [B],Time [s]
100000,0.00022063732147216796
1000000,0.0003484487533569336
10000000,0.0016665005683898927
15000000,0.002349982261657715
