Block Size [B],Time [s]
1000,0.4683621168136597
10000,0.4276126861572266
50000,0.3192870616912842
100000,0.30463399887084963
