File Size [B],Time [s]
100000,0.0027785706520080567
1000000,0.0440265154838562
10000000,0.39905227422714235
20000000,0.9312958277188814
