Folder depth,Time [s]
1,0.0020996999740600587
5,0.002437753677368164
10,0.00289700984954834
50,0.0061576318740844726
100,0.011307616233825684
