File Size [B],Time [s]
100000,0.002042722702026367
1000000,0.018851239681243897
10000000,0.26542004108428957
15000000,0.47565584629774094
