Block Size [B],Time [s]
1000,0.3907524920129157
10000,0.37382184428933224
50000,0.2813574171066284
100000,0.2699296450614929
