Block Size [B],Time [s]
1000,11.041413426399231
10000,11.180171211560568
50000,7.912793844938278
100000,8.443198770284653
