File Size [B],Time [s]
100000,0.02397289276123047
1000000,0.17428399085998536
10000000,7.1806137745197
20000000,30.92777168750763
