File Size [B],Time [s]
100000,0.00022110939025878906
1000000,0.0003536820411682129
10000000,0.0015555620193481445
15000000,0.0023942828178405763
