Folder depth,Time [s]
1,0.002385270595550537
5,0.0030239343643188475
10,0.003743147850036621
50,0.008575856685638428
100,0.018227553367614745
