Folder depth,Time [s]
1,0.002517998218536377
5,0.003112602233886719
10,0.0038970828056335447
50,0.00925971269607544
100,0.01988639831542969
