Folder depth,Time [s]
1,0.0021528053283691407
5,0.00245708703994751
10,0.002895658016204834
50,0.005912003517150879
100,0.016542229652404785
