Block Size [B],Time [s]
1000,0.3916082096099853
10000,0.37295930862426757
50000,0.2796974754333496
100000,0.26716997146606447
