Block Size [B],Time [s]
1000,0.201058349609375
10000,0.1868985676765442
50000,0.1864658236503601
100000,0.1639648985862732
