File Size [B],Time [s]
100000,9.143352508544922e-06
1000000,1.0585784912109375e-05
10000000,3.26991081237793e-05
15000000,1.9049644470214845e-05
