Block Size [B],Time [s]
1000,0.20759474039077758
10000,0.2147890019416809
50000,0.21023483991622924
100000,0.2012386679649353
