File Size [B],Time [s]
100000,0.0013477826118469239
1000000,0.008863940238952636
10000000,0.21453465938568114
20000000,0.3313828420639038
