File Size [B],Time [s]
100000,8.885860443115235e-06
1000000,8.375644683837891e-06
10000000,8.535385131835937e-06
15000000,1.806020736694336e-05
