Folder depth,Time [s]
1,0.0007721900939941407
5,0.0007780790328979492
10,0.0007247447967529297
50,0.0006912112236022949
100,0.0006988406181335449
