File Size [B],Time [s]
100000,0.003183755874633789
1000000,0.007622168064117431
10000000,0.1783290958404541
15000000,0.2404209566116333
