File Size [B],Time [s]
100000,0.03209517002105713
1000000,0.005757391452789307
10000000,0.09444063901901245
15000000,0.19987897872924804
