Folder depth,Time [s]
1,0.003923854827880859
5,0.010544824600219726
10,0.0015256881713867187
50,0.0017297744750976562
100,0.0018544626235961915
