File Size [B],Time [s]
100000,0.0012462210655212402
1000000,0.009910147190093994
10000000,0.20870181083679198
20000000,0.33880579710006714
