Block Size [B],Time [s]
1000,0.16055999279022218
10000,0.15461973190307618
50000,0.13834060668945314
100000,0.1636817264556885
