Folder depth,Time [s]
1,0.009200119972229004
5,0.0017257142066955567
10,0.0019494962692260742
50,0.0019874858856201174
100,0.0019145703315734863
