Block Size [B],Time [s]
1000,0.1428386402130127
10000,0.16659324645996093
50000,0.1733076047897339
100000,0.15157514572143554
