File Size [B],Time [s]
100000,3.9980411529541015e-05
1000000,3.975629806518555e-05
10000000,4.4965744018554686e-05
15000000,4.762887954711914e-05
