Block Size [B],Time [s]
1000,0.04967456579208374
10000,0.04340284585952759
50000,0.03177958488464355
100000,0.03158118963241577
