File Size [B],Time [s]
100000,9.1552734375e-06
1000000,1.024007797241211e-05
10000000,9.84668731689453e-06
15000000,1.2195110321044922e-05
