Folder depth,Time [s]
1,0.006328053474426269
5,0.01011516571044922
10,0.0009161996841430664
50,0.0016157388687133788
100,0.0018981456756591796
