Folder depth,Time [s]
1,0.0007496857643127441
5,0.00039046287536621094
10,0.0003903985023498535
50,0.0004558753967285156
100,0.0005424761772155762
