File Size [B],Time [s]
100000,0.0004005837440490723
1000000,0.0033477997779846193
10000000,0.03484910011291504
15000000,0.050449264049530027
