File Size [B],Time [s]
100000,0.0007109522819519043
1000000,0.004535973072052002
10000000,0.1005512833595276
15000000,0.2457946538925171
