File Size [B],Time [s]
100000,0.0026123881340026855
1000000,0.02023116111755371
10000000,0.3011851215362549
20000000,0.8302179199375518
