File Size [B],Time [s]
100000,0.001271805763244629
1000000,0.00844961404800415
10000000,0.19745915174484252
20000000,0.33794938325881957
