Block Size [B],Time [s]
1000,0.16575305461883544
10000,0.20862796783447266
50000,0.20757193565368653
100000,0.2045333480834961
